{ "backgroundcolor":"#0000ff",
 "height":28,
 "infinite":false,
 "layers":[
        {
         "data":[1, 0, 0, 0, 0, 0, 0, 0, 0, 0, 0, 0, 0, 0, 0, 0, 0, 0, 0, 0, 0, 0, 0, 0, 0, 0, 0, 0, 0, 0, 0, 0, 0, 0, 0, 0, 0, 0, 0, 0, 0, 0, 0, 0, 0, 0, 0, 0, 0, 0, 0, 0, 0, 0, 0, 0, 0, 0, 0, 0, 0, 0, 0, 0, 0, 0, 0, 0, 0, 0, 0, 0, 0, 0, 0, 0, 0, 0, 0, 0, 0, 0, 0, 0, 0, 0, 0, 0, 0, 0, 0, 0, 0, 0, 0, 0, 0, 0, 0, 0, 0, 0, 0, 0, 0, 0, 0, 0, 0, 0, 0, 0, 0, 0, 0, 0, 0, 0, 0, 0, 1, 0, 0, 0, 0, 0, 0, 0, 0, 0, 0, 0, 0, 0, 0, 0, 0, 0, 0, 0, 0, 0, 0, 0, 0, 0, 0, 0, 0, 0, 0, 0, 0, 0, 0, 0, 0, 0, 0, 0, 0, 0, 0, 0, 0, 0, 0, 0, 0, 0, 0, 0, 0, 0, 0, 0, 0, 0, 0, 0, 0, 0, 0, 0, 0, 0, 0, 0, 0, 0, 0, 0, 0, 0, 0, 0, 0, 0, 0, 0, 0, 0, 0, 0, 0, 0, 0, 0, 0, 0, 0, 0, 0, 0, 0, 0, 0, 0, 0, 0, 0, 0, 0, 0, 0, 0, 0, 0, 0, 0, 0, 0, 0, 0, 0, 0, 0, 0, 0, 0, 1, 0, 0, 0, 0, 0, 0, 0, 0, 0, 0, 0, 0, 0, 0, 0, 0, 0, 0, 0, 0, 0, 0, 0, 0, 0, 0, 0, 0, 0, 0, 0, 0, 0, 0, 0, 0, 0, 0, 0, 0, 0, 0, 0, 0, 0, 0, 0, 0, 0, 0, 0, 0, 0, 0, 0, 0, 0, 0, 0, 0, 0, 0, 0, 0, 0, 0, 0, 0, 0, 0, 0, 0, 0, 0, 0, 0, 0, 0, 0, 0, 0, 0, 0, 0, 0, 0, 0, 0, 0, 0, 0, 0, 0, 0, 0, 0, 0, 0, 0, 0, 0, 0, 0, 0, 0, 0, 0, 0, 0, 2, 2, 2, 2, 2, 2, 2, 2, 2, 2, 1, 0, 0, 0, 0, 0, 0, 0, 0, 0, 0, 0, 0, 0, 0, 0, 0, 0, 0, 0, 0, 0, 0, 0, 0, 0, 0, 0, 0, 0, 0, 0, 0, 0, 0, 0, 0, 0, 0, 0, 0, 0, 0, 0, 0, 0, 0, 0, 0, 0, 0, 0, 0, 0, 0, 0, 0, 0, 0, 0, 0, 0, 0, 0, 0, 0, 0, 0, 0, 0, 0, 0, 0, 0, 0, 0, 0, 0, 0, 0, 0, 0, 0, 0, 0, 0, 0, 0, 0, 0, 0, 0, 0, 0, 0, 0, 0, 0, 0, 0, 0, 0, 0, 0, 0, 0, 0, 0, 0, 0, 0, 0, 0, 0, 0, 0, 0, 0, 0, 0, 1, 0, 0, 0, 0, 0, 0, 0, 0, 0, 0, 0, 0, 0, 0, 0, 0, 0, 0, 0, 0, 0, 0, 0, 0, 0, 0, 0, 2, 2, 2, 2, 2, 2, 2, 2, 2, 2, 2, 2, 2, 2, 2, 2, 2, 2, 2, 0, 0, 0, 0, 0, 0, 0, 0, 0, 0, 0, 0, 0, 0, 0, 0, 0, 0, 0, 0, 2, 2, 2, 2, 2, 2, 2, 2, 2, 2, 2, 2, 2, 0, 0, 0, 0, 0, 0, 0, 0, 0, 0, 0, 0, 0, 0, 0, 0, 0, 0, 0, 0, 0, 0, 0, 0, 0, 0, 0, 0, 0, 0, 0, 0, 0, 0, 0, 0, 0, 0, 0, 0, 1, 0, 0, 0, 0, 0, 0, 0, 0, 0, 0, 0, 0, 0, 0, 0, 0, 0, 0, 0, 0, 0, 0, 0, 0, 0, 0, 0, 0, 0, 0, 0, 0, 0, 0, 0, 0, 0, 0, 0, 0, 0, 0, 0, 0, 0, 0, 0, 0, 0, 0, 0, 0, 0, 0, 0, 0, 0, 0, 0, 0, 0, 0, 0, 0, 0, 0, 0, 0, 0, 0, 0, 0, 0, 3, 0, 0, 0, 0, 0, 0, 0, 0, 0, 0, 0, 0, 0, 0, 0, 0, 0, 0, 0, 0, 0, 0, 0, 0, 0, 0, 0, 0, 0, 0, 0, 0, 0, 0, 0, 0, 0, 0, 0, 0, 0, 0, 0, 0, 0, 1, 0, 0, 0, 0, 0, 0, 0, 0, 0, 0, 0, 0, 0, 0, 0, 0, 0, 0, 0, 0, 0, 0, 0, 0, 0, 0, 0, 0, 0, 0, 0, 0, 0, 0, 0, 0, 0, 0, 0, 0, 0, 0, 0, 0, 0, 0, 0, 0, 0, 0, 0, 0, 0, 0, 0, 0, 0, 0, 0, 0, 0, 0, 0, 0, 0, 0, 0, 0, 0, 0, 0, 0, 0, 3, 0, 0, 0, 0, 0, 0, 0, 0, 0, 0, 0, 0, 0, 0, 0, 0, 0, 0, 0, 0, 0, 0, 0, 0, 0, 0, 0, 0, 0, 0, 0, 0, 0, 0, 0, 0, 0, 0, 0, 0, 0, 0, 0, 0, 0, 1, 0, 2, 2, 2, 2, 2, 2, 2, 2, 2, 0, 0, 0, 0, 0, 0, 0, 0, 0, 0, 0, 0, 0, 0, 0, 0, 0, 0, 0, 0, 0, 0, 0, 0, 0, 0, 0, 0, 0, 0, 0, 0, 0, 0, 0, 0, 0, 0, 0, 0, 0, 0, 0, 0, 0, 0, 0, 0, 0, 0, 0, 0, 0, 0, 0, 0, 0, 0, 0, 0, 0, 0, 0, 3, 0, 0, 0, 0, 0, 0, 0, 0, 0, 0, 0, 0, 0, 0, 0, 0, 0, 0, 0, 0, 0, 0, 0, 0, 0, 0, 0, 0, 0, 0, 0, 0, 0, 0, 0, 2, 2, 2, 2, 2, 2, 2, 2, 2, 2, 1, 0, 0, 0, 0, 0, 0, 0, 0, 0, 0, 0, 0, 0, 0, 0, 0, 0, 0, 0, 0, 0, 0, 0, 0, 0, 0, 0, 0, 0, 0, 0, 0, 0, 0, 0, 0, 0, 0, 0, 0, 0, 0, 0, 0, 0, 0, 0, 0, 0, 0, 0, 0, 0, 0, 0, 0, 0, 0, 0, 0, 0, 0, 0, 0, 0, 0, 0, 0, 0, 0, 0, 0, 0, 3, 0, 0, 0, 0, 0, 0, 0, 0, 0, 0, 0, 0, 0, 0, 0, 0, 0, 0, 0, 0, 0, 0, 0, 0, 0, 0, 0, 0, 0, 0, 0, 0, 0, 0, 0, 0, 0, 0, 0, 0, 0, 0, 0, 0, 0, 1, 0, 0, 0, 0, 0, 0, 0, 0, 0, 0, 0, 0, 0, 0, 0, 0, 0, 0, 0, 0, 0, 0, 0, 0, 0, 0, 0, 2, 2, 2, 2, 2, 2, 2, 2, 2, 2, 2, 2, 2, 2, 2, 2, 2, 2, 2, 0, 0, 0, 0, 2, 2, 2, 2, 2, 0, 0, 0, 0, 0, 0, 0, 0, 0, 0, 0, 0, 0, 0, 0, 0, 0, 0, 3, 0, 0, 0, 0, 0, 0, 0, 0, 0, 2, 2, 2, 2, 2, 0, 0, 0, 0, 0, 0, 0, 0, 0, 0, 0, 0, 0, 0, 0, 0, 0, 0, 0, 0, 0, 0, 0, 0, 0, 0, 0, 0, 0, 0, 0, 1, 0, 0, 0, 0, 0, 0, 0, 0, 0, 0, 0, 0, 0, 0, 0, 0, 0, 0, 0, 0, 0, 0, 0, 0, 0, 0, 0, 0, 0, 0, 0, 0, 0, 0, 0, 0, 0, 0, 0, 0, 3, 0, 0, 0, 0, 0, 0, 0, 0, 0, 0, 0, 0, 0, 0, 0, 0, 0, 0, 0, 0, 0, 0, 0, 0, 0, 0, 0, 0, 0, 0, 0, 0, 3, 0, 0, 0, 0, 0, 0, 0, 0, 0, 0, 0, 0, 0, 0, 0, 0, 0, 0, 0, 0, 0, 0, 0, 0, 0, 0, 0, 0, 0, 0, 0, 0, 0, 0, 0, 0, 0, 0, 0, 0, 0, 0, 0, 0, 0, 1, 0, 0, 0, 0, 0, 0, 0, 0, 0, 0, 0, 0, 0, 0, 0, 0, 0, 0, 0, 0, 0, 0, 0, 0, 0, 0, 0, 0, 0, 0, 0, 0, 0, 0, 0, 0, 0, 0, 0, 0, 3, 0, 0, 0, 0, 0, 0, 0, 0, 0, 0, 0, 0, 0, 0, 0, 0, 0, 0, 0, 0, 0, 0, 0, 0, 0, 0, 0, 0, 0, 0, 0, 0, 3, 2, 2, 2, 2, 2, 0, 0, 0, 0, 0, 0, 0, 0, 0, 0, 0, 0, 0, 0, 0, 0, 0, 0, 0, 0, 0, 0, 0, 0, 0, 0, 0, 0, 0, 0, 0, 0, 0, 0, 0, 0, 0, 0, 0, 0, 1, 2, 2, 2, 2, 2, 2, 2, 2, 2, 2, 0, 0, 0, 2, 2, 2, 2, 2, 2, 2, 2, 2, 2, 0, 0, 0, 0, 0, 0, 0, 0, 0, 0, 0, 0, 0, 0, 0, 0, 0, 3, 0, 0, 0, 0, 0, 0, 0, 0, 0, 0, 0, 0, 0, 0, 0, 0, 0, 0, 0, 0, 0, 0, 0, 0, 0, 0, 0, 0, 0, 0, 0, 0, 3, 0, 0, 0, 0, 0, 0, 0, 0, 0, 0, 0, 0, 0, 0, 0, 0, 0, 0, 0, 0, 0, 0, 0, 0, 0, 0, 0, 0, 0, 0, 0, 0, 0, 0, 0, 0, 0, 0, 0, 0, 0, 0, 0, 0, 0, 1, 0, 0, 0, 0, 3, 0, 0, 0, 0, 0, 0, 0, 0, 0, 0, 0, 0, 0, 0, 0, 0, 0, 0, 0, 0, 0, 0, 0, 0, 0, 0, 0, 0, 0, 0, 0, 0, 0, 0, 0, 3, 0, 0, 0, 0, 0, 0, 0, 0, 0, 0, 0, 0, 0, 0, 0, 0, 0, 0, 0, 0, 0, 0, 0, 0, 0, 0, 0, 0, 0, 0, 0, 0, 3, 0, 0, 0, 0, 0, 0, 0, 0, 0, 0, 0, 0, 0, 0, 0, 0, 0, 0, 0, 0, 0, 0, 0, 0, 0, 0, 0, 0, 0, 0, 0, 0, 0, 0, 0, 0, 0, 0, 0, 0, 0, 0, 0, 0, 0, 1, 0, 0, 0, 0, 3, 0, 0, 0, 0, 0, 0, 0, 0, 0, 0, 0, 0, 0, 0, 0, 0, 0, 0, 0, 0, 0, 0, 2, 2, 2, 2, 2, 0, 0, 0, 0, 0, 0, 0, 0, 3, 2, 2, 2, 2, 2, 0, 0, 0, 0, 0, 0, 0, 0, 0, 0, 0, 0, 0, 0, 0, 0, 0, 0, 0, 0, 0, 0, 0, 0, 0, 0, 0, 3, 0, 0, 0, 0, 0, 0, 0, 0, 0, 0, 0, 0, 0, 0, 0, 0, 0, 0, 0, 0, 0, 0, 0, 0, 0, 0, 0, 0, 0, 0, 0, 0, 0, 0, 0, 0, 0, 0, 0, 0, 0, 0, 0, 0, 0, 1, 0, 0, 0, 0, 3, 0, 0, 0, 0, 0, 0, 0, 0, 0, 0, 0, 0, 0, 0, 0, 0, 0, 0, 0, 0, 0, 0, 0, 0, 0, 0, 0, 0, 0, 0, 0, 0, 0, 0, 0, 3, 0, 0, 0, 0, 0, 0, 0, 0, 0, 0, 0, 0, 0, 0, 0, 0, 0, 0, 0, 0, 0, 0, 0, 0, 0, 0, 0, 0, 0, 0, 0, 0, 3, 0, 0, 0, 0, 0, 0, 0, 0, 0, 0, 0, 0, 0, 0, 0, 0, 0, 0, 2, 2, 2, 2, 2, 0, 0, 0, 0, 2, 2, 2, 2, 2, 0, 0, 0, 0, 0, 0, 0, 0, 0, 0, 0, 0, 0, 1, 0, 0, 0, 0, 3, 0, 0, 0, 0, 0, 0, 0, 0, 0, 0, 0, 0, 0, 0, 0, 0, 0, 0, 0, 0, 0, 0, 0, 0, 0, 0, 0, 0, 0, 0, 0, 0, 0, 0, 0, 3, 0, 0, 0, 0, 0, 0, 0, 0, 0, 0, 0, 0, 0, 0, 0, 0, 0, 0, 0, 0, 0, 0, 0, 0, 0, 0, 0, 0, 0, 0, 0, 0, 3, 0, 0, 0, 0, 0, 0, 0, 0, 0, 0, 0, 0, 0, 0, 0, 0, 0, 0, 0, 0, 0, 0, 0, 0, 0, 0, 0, 0, 0, 0, 0, 0, 0, 0, 0, 0, 0, 0, 0, 0, 0, 0, 0, 0, 0, 1, 0, 0, 0, 0, 3, 0, 0, 0, 0, 0, 0, 0, 0, 0, 0, 0, 0, 0, 0, 0, 0, 0, 0, 0, 0, 0, 0, 0, 0, 0, 0, 0, 0, 0, 0, 0, 0, 0, 0, 0, 3, 0, 0, 0, 0, 0, 0, 0, 0, 0, 0, 0, 0, 0, 0, 0, 0, 0, 0, 0, 0, 0, 0, 0, 0, 0, 0, 0, 0, 0, 0, 0, 0, 3, 0, 0, 0, 0, 0, 0, 0, 0, 0, 0, 0, 0, 0, 0, 0, 0, 0, 0, 0, 0, 0, 0, 0, 0, 0, 0, 0, 0, 0, 0, 0, 0, 0, 0, 0, 2, 2, 2, 2, 2, 2, 2, 2, 2, 2, 1, 0, 0, 0, 0, 3, 0, 0, 0, 0, 0, 0, 0, 0, 0, 0, 0, 0, 0, 0, 0, 0, 0, 0, 0, 0, 0, 0, 0, 0, 0, 0, 0, 0, 0, 0, 0, 0, 0, 0, 0, 3, 0, 0, 0, 0, 0, 0, 0, 0, 0, 0, 0, 0, 0, 0, 0, 0, 0, 0, 0, 0, 0, 0, 0, 0, 0, 0, 0, 0, 0, 0, 0, 0, 3, 0, 0, 0, 0, 0, 0, 0, 0, 0, 0, 0, 0, 0, 0, 0, 0, 0, 0, 0, 0, 0, 0, 0, 0, 0, 0, 0, 0, 0, 0, 0, 0, 0, 0, 0, 0, 0, 0, 0, 0, 0, 0, 0, 0, 0, 1, 0, 0, 0, 0, 3, 0, 0, 0, 0, 0, 0, 0, 0, 0, 0, 0, 0, 0, 0, 0, 0, 0, 0, 0, 0, 0, 0, 2, 2, 2, 2, 2, 2, 2, 2, 2, 2, 2, 2, 2, 2, 2, 2, 2, 2, 2, 0, 0, 0, 0, 0, 0, 0, 0, 0, 0, 0, 0, 0, 0, 0, 0, 0, 0, 0, 0, 0, 0, 0, 0, 0, 0, 0, 3, 0, 0, 0, 0, 0, 0, 0, 0, 0, 0, 0, 0, 0, 0, 0, 0, 0, 0, 0, 0, 0, 0, 0, 0, 0, 0, 0, 0, 0, 0, 0, 0, 0, 0, 0, 0, 0, 0, 0, 0, 0, 0, 0, 0, 0, 1, 0, 0, 0, 0, 3, 0, 0, 0, 0, 0, 0, 0, 0, 0, 0, 0, 0, 0, 0, 0, 0, 0, 0, 0, 0, 0, 0, 0, 0, 0, 0, 0, 0, 0, 0, 0, 0, 0, 0, 0, 0, 0, 0, 0, 0, 0, 0, 0, 0, 0, 0, 0, 0, 0, 0, 0, 0, 0, 0, 0, 0, 0, 0, 0, 0, 0, 0, 0, 0, 0, 0, 0, 0, 3, 0, 0, 0, 0, 0, 0, 0, 0, 0, 0, 0, 0, 0, 0, 0, 0, 0, 0, 0, 0, 0, 0, 0, 0, 0, 0, 0, 0, 0, 0, 0, 0, 0, 0, 0, 0, 0, 0, 0, 0, 0, 0, 0, 0, 0, 1, 0, 0, 0, 0, 3, 0, 0, 0, 0, 0, 0, 0, 0, 0, 0, 0, 0, 0, 0, 0, 0, 0, 0, 0, 0, 0, 0, 0, 0, 0, 0, 0, 0, 0, 0, 0, 0, 0, 0, 0, 0, 0, 0, 0, 0, 0, 0, 0, 0, 0, 0, 0, 0, 0, 0, 0, 0, 0, 0, 0, 2, 2, 2, 2, 2, 2, 2, 2, 2, 2, 2, 2, 2, 2, 2, 2, 2, 2, 2, 0, 0, 0, 0, 0, 0, 0, 0, 0, 0, 0, 0, 0, 0, 0, 0, 0, 0, 0, 0, 0, 0, 0, 0, 0, 0, 0, 0, 0, 0, 0, 0, 0, 0, 0, 0, 0, 0, 0, 0, 1, 0, 2, 2, 2, 2, 2, 2, 2, 2, 2, 0, 0, 0, 0, 0, 0, 0, 0, 0, 0, 0, 0, 0, 0, 0, 0, 0, 0, 0, 0, 0, 0, 0, 0, 0, 0, 0, 0, 0, 0, 0, 0, 0, 0, 0, 0, 0, 0, 0, 0, 0, 0, 0, 0, 0, 0, 0, 0, 0, 0, 0, 0, 0, 0, 0, 0, 0, 0, 0, 0, 0, 0, 0, 0, 0, 0, 0, 0, 0, 0, 0, 0, 0, 0, 0, 0, 0, 0, 0, 0, 0, 0, 0, 0, 0, 0, 0, 0, 0, 0, 0, 0, 0, 0, 0, 0, 0, 0, 0, 2, 2, 2, 2, 2, 2, 2, 2, 2, 2, 1, 0, 0, 0, 0, 0, 0, 0, 0, 3, 0, 0, 0, 0, 0, 0, 0, 0, 0, 0, 0, 0, 0, 0, 0, 0, 0, 0, 0, 0, 0, 0, 0, 0, 0, 0, 0, 0, 0, 0, 0, 0, 0, 0, 0, 0, 0, 0, 0, 0, 0, 0, 0, 0, 0, 0, 0, 0, 0, 0, 0, 0, 0, 0, 0, 0, 0, 0, 0, 0, 0, 0, 0, 0, 0, 0, 0, 0, 0, 0, 0, 0, 0, 0, 0, 0, 0, 0, 0, 0, 0, 0, 0, 0, 0, 0, 0, 0, 0, 0, 0, 0, 0, 0, 0, 0, 0, 0, 0, 0, 0, 0, 0, 0, 0, 0, 0, 0, 0, 0, 1, 0, 0, 0, 0, 0, 0, 0, 0, 3, 0, 0, 0, 0, 0, 0, 0, 0, 0, 0, 0, 0, 0, 0, 0, 0, 0, 0, 2, 2, 2, 2, 2, 2, 2, 2, 2, 2, 2, 2, 2, 2, 2, 2, 2, 2, 2, 0, 0, 0, 0, 0, 0, 0, 0, 0, 0, 0, 0, 0, 0, 0, 0, 0, 0, 0, 0, 0, 0, 0, 0, 0, 0, 0, 0, 0, 0, 0, 0, 0, 0, 0, 0, 0, 0, 0, 0, 0, 0, 0, 0, 0, 0, 0, 0, 0, 0, 0, 0, 0, 0, 0, 0, 0, 0, 0, 0, 0, 0, 0, 0, 0, 0, 0, 0, 0, 0, 0, 0, 0, 1, 0, 0, 0, 0, 0, 0, 0, 0, 3, 0, 0, 0, 0, 0, 0, 0, 0, 0, 0, 0, 0, 0, 0, 0, 0, 0, 0, 0, 0, 0, 0, 0, 0, 0, 0, 0, 0, 0, 0, 0, 0, 0, 0, 0, 0, 0, 0, 0, 0, 0, 0, 0, 0, 0, 0, 0, 0, 0, 0, 0, 0, 0, 0, 0, 0, 0, 0, 0, 0, 0, 0, 0, 0, 0, 0, 0, 0, 0, 0, 0, 0, 0, 0, 0, 0, 0, 0, 0, 0, 0, 0, 0, 0, 0, 0, 0, 0, 0, 0, 0, 0, 0, 0, 0, 0, 0, 0, 0, 0, 0, 0, 0, 0, 0, 0, 0, 0, 0, 0, 1, 0, 0, 0, 0, 0, 0, 0, 0, 3, 0, 0, 0, 0, 0, 0, 0, 0, 0, 0, 0, 0, 0, 0, 0, 0, 0, 0, 0, 0, 0, 0, 0, 0, 0, 0, 0, 0, 0, 0, 0, 0, 0, 0, 0, 0, 0, 0, 0, 0, 0, 0, 0, 0, 0, 0, 0, 0, 0, 0, 0, 2, 2, 2, 2, 2, 2, 2, 2, 2, 2, 2, 2, 2, 2, 2, 2, 2, 2, 2, 0, 0, 0, 0, 0, 0, 0, 0, 0, 0, 0, 0, 0, 0, 0, 0, 0, 0, 0, 0, 0, 0, 0, 0, 0, 0, 0, 0, 0, 0, 0, 0, 0, 0, 0, 0, 0, 0, 0, 0, 1, 2, 2, 2, 2, 2, 2, 2, 2, 2, 2, 0, 0, 0, 0, 0, 0, 0, 0, 0, 0, 0, 0, 0, 0, 0, 0, 0, 0, 0, 0, 0, 0, 0, 0, 0, 0, 0, 0, 0, 0, 0, 0, 0, 0, 0, 0, 0, 0, 0, 0, 0, 0, 0, 0, 0, 0, 0, 0, 0, 0, 0, 0, 0, 0, 0, 0, 0, 0, 0, 0, 0, 0, 0, 0, 0, 0, 0, 0, 0, 0, 0, 0, 0, 0, 0, 0, 0, 0, 0, 0, 0, 0, 0, 0, 0, 0, 0, 0, 0, 0, 0, 0, 0, 0, 0, 0, 0, 0, 0, 2, 2, 2, 2, 2, 2, 2, 2, 2, 2],
         "height":28,
         "name":"Collisions Layer",
         "opacity":1,
         "type":"tilelayer",
         "visible":true,
         "width":120,
         "x":0,
         "y":0
        }, 
        {
         "data":[0, 26, 76, 77, 78, 29, 29, 76, 77, 78, 32, 0, 0, 0, 0, 0, 0, 0, 0, 0, 0, 0, 0, 0, 0, 0, 0, 0, 34, 35, 39, 40, 41, 37, 159, 160, 161, 37, 279, 280, 281, 37, 39, 40, 41, 43, 44, 0, 0, 0, 0, 0, 0, 0, 0, 0, 0, 0, 0, 0, 0, 0, 0, 0, 0, 0, 0, 0, 0, 0, 0, 0, 0, 0, 0, 0, 0, 0, 0, 153, 0, 0, 0, 0, 0, 0, 0, 0, 0, 0, 0, 0, 0, 0, 0, 0, 0, 0, 0, 0, 0, 0, 0, 0, 0, 0, 0, 0, 0, 0, 74, 76, 77, 78, 245, 29, 76, 77, 78, 80, 0, 50, 100, 101, 102, 29, 29, 100, 101, 102, 56, 0, 0, 0, 0, 0, 0, 0, 0, 0, 0, 0, 0, 0, 0, 0, 0, 0, 58, 59, 63, 64, 65, 61, 183, 184, 185, 61, 303, 304, 305, 61, 63, 64, 65, 67, 68, 0, 0, 0, 0, 0, 0, 153, 0, 0, 0, 0, 0, 0, 0, 0, 0, 0, 0, 0, 0, 0, 0, 0, 0, 0, 0, 0, 0, 0, 0, 0, 0, 177, 0, 0, 0, 0, 0, 0, 153, 0, 0, 0, 0, 0, 0, 0, 0, 0, 0, 0, 0, 0, 0, 0, 0, 0, 0, 0, 0, 0, 0, 0, 26, 100, 101, 102, 269, 29, 100, 101, 102, 56, 0, 46, 46, 46, 46, 46, 46, 46, 46, 46, 46, 0, 0, 0, 0, 0, 0, 0, 0, 0, 0, 0, 0, 0, 0, 0, 0, 0, 82, 83, 87, 88, 89, 85, 207, 208, 209, 85, 327, 328, 329, 61, 87, 88, 89, 91, 92, 0, 0, 0, 0, 0, 0, 201, 0, 0, 0, 0, 0, 0, 0, 0, 0, 0, 0, 0, 0, 0, 0, 0, 0, 0, 0, 0, 0, 0, 0, 0, 0, 201, 0, 0, 0, 0, 0, 0, 201, 0, 0, 0, 0, 0, 0, 0, 0, 0, 0, 0, 0, 0, 0, 0, 0, 0, 0, 0, 0, 0, 0, 0, 272, 272, 272, 272, 272, 272, 272, 272, 272, 272, 0, 26, 28, 29, 30, 245, 163, 28, 29, 30, 32, 0, 0, 0, 0, 0, 0, 0, 0, 0, 0, 0, 0, 0, 0, 0, 0, 0, 106, 107, 111, 112, 113, 109, 231, 232, 233, 85, 351, 352, 353, 61, 111, 112, 113, 115, 116, 0, 0, 0, 0, 0, 0, 201, 0, 0, 0, 0, 0, 0, 0, 0, 0, 0, 0, 0, 0, 0, 224, 225, 224, 224, 224, 0, 0, 0, 224, 224, 224, 225, 0, 0, 0, 0, 0, 0, 201, 0, 0, 0, 0, 0, 0, 0, 0, 0, 0, 0, 0, 0, 0, 0, 0, 0, 0, 0, 0, 0, 0, 0, 74, 28, 29, 30, 228, 229, 28, 29, 30, 32, 0, 50, 52, 53, 54, 269, 187, 52, 53, 54, 56, 0, 0, 0, 0, 0, 0, 0, 0, 0, 0, 0, 0, 0, 0, 0, 0, 271, 272, 272, 272, 272, 272, 272, 272, 272, 272, 272, 272, 272, 272, 272, 272, 272, 272, 272, 272, 274, 0, 0, 0, 0, 0, 201, 0, 0, 0, 0, 0, 0, 0, 0, 0, 0, 0, 0, 271, 272, 272, 272, 272, 272, 272, 272, 272, 272, 272, 272, 272, 272, 274, 0, 0, 0, 0, 0, 201, 0, 0, 0, 0, 0, 0, 0, 0, 0, 0, 0, 0, 0, 0, 0, 0, 0, 0, 0, 0, 0, 0, 0, 26, 52, 53, 54, 252, 253, 52, 53, 54, 32, 0, 74, 76, 77, 78, 245, 29, 76, 77, 78, 80, 0, 0, 0, 0, 0, 0, 0, 0, 0, 0, 0, 0, 0, 0, 0, 0, 0, 34, 35, 39, 40, 41, 37, 159, 160, 161, 37, 39, 40, 41, 37, 279, 280, 281, 43, 44, 0, 0, 0, 0, 0, 0, 201, 0, 0, 0, 0, 0, 0, 0, 0, 0, 0, 0, 0, 0, 34, 35, 29, 29, 29, 29, 165, 147, 29, 228, 229, 43, 44, 0, 0, 0, 0, 0, 0, 201, 0, 0, 0, 0, 0, 0, 0, 0, 0, 0, 0, 0, 0, 0, 0, 0, 0, 0, 0, 0, 0, 0, 0, 50, 76, 77, 78, 167, 29, 76, 77, 78, 56, 0, 26, 100, 101, 102, 269, 29, 100, 101, 102, 56, 0, 0, 0, 0, 0, 0, 0, 0, 0, 0, 0, 0, 0, 0, 0, 0, 0, 58, 59, 63, 64, 65, 61, 183, 184, 185, 61, 63, 64, 65, 61, 303, 304, 305, 67, 68, 0, 0, 0, 0, 0, 0, 201, 0, 0, 0, 0, 0, 0, 0, 0, 0, 0, 0, 0, 0, 58, 59, 189, 189, 29, 29, 29, 147, 29, 252, 253, 67, 68, 0, 0, 0, 0, 0, 0, 201, 0, 0, 0, 0, 0, 0, 0, 0, 0, 0, 0, 0, 0, 0, 0, 0, 0, 0, 0, 0, 0, 0, 0, 74, 100, 101, 102, 191, 29, 100, 101, 102, 80, 0, 50, 272, 272, 272, 272, 272, 272, 272, 272, 272, 274, 0, 0, 0, 0, 0, 0, 0, 0, 0, 0, 0, 0, 0, 0, 0, 0, 82, 83, 87, 88, 89, 109, 207, 208, 209, 85, 87, 88, 89, 61, 327, 328, 329, 91, 92, 0, 0, 0, 0, 0, 0, 201, 0, 0, 0, 0, 0, 0, 0, 0, 0, 0, 0, 0, 0, 82, 83, 165, 189, 29, 29, 29, 147, 29, 29, 29, 91, 92, 0, 0, 0, 0, 0, 0, 201, 0, 0, 0, 0, 0, 0, 0, 0, 153, 0, 0, 0, 0, 0, 0, 0, 0, 153, 0, 0, 0, 0, 0, 273, 272, 272, 272, 272, 272, 272, 272, 272, 272, 0, 74, 28, 29, 30, 228, 229, 28, 29, 30, 32, 0, 0, 0, 0, 0, 153, 0, 0, 0, 0, 0, 0, 0, 0, 0, 0, 0, 106, 107, 111, 112, 113, 85, 231, 232, 233, 85, 111, 112, 113, 61, 351, 352, 353, 115, 116, 0, 0, 0, 0, 224, 224, 225, 224, 224, 0, 0, 0, 0, 0, 0, 0, 0, 0, 0, 0, 106, 107, 29, 29, 29, 29, 29, 147, 29, 29, 29, 115, 116, 0, 0, 0, 0, 224, 224, 225, 224, 224, 0, 0, 0, 0, 0, 0, 201, 0, 0, 0, 0, 0, 0, 0, 0, 201, 0, 0, 0, 0, 0, 50, 28, 29, 30, 167, 245, 28, 29, 30, 56, 0, 26, 52, 53, 54, 252, 253, 52, 53, 54, 32, 0, 0, 0, 0, 0, 177, 0, 0, 0, 0, 0, 0, 0, 0, 0, 0, 271, 272, 272, 272, 272, 272, 272, 272, 272, 272, 272, 272, 272, 272, 147, 272, 272, 272, 272, 272, 274, 0, 0, 271, 272, 272, 272, 272, 272, 274, 0, 0, 0, 0, 0, 0, 0, 0, 0, 0, 82, 83, 155, 156, 157, 29, 29, 147, 29, 189, 165, 67, 68, 0, 0, 0, 271, 272, 272, 272, 272, 272, 274, 0, 0, 0, 0, 0, 201, 0, 0, 0, 0, 0, 0, 0, 0, 201, 0, 0, 0, 0, 0, 50, 52, 53, 54, 191, 245, 52, 53, 54, 56, 0, 50, 76, 77, 78, 29, 29, 76, 77, 78, 56, 0, 0, 0, 0, 0, 201, 0, 0, 0, 0, 0, 0, 0, 0, 0, 0, 0, 34, 35, 279, 280, 281, 37, 159, 160, 161, 37, 39, 40, 41, 147, 159, 160, 161, 43, 44, 0, 0, 0, 0, 26, 245, 167, 29, 56, 0, 0, 0, 0, 0, 0, 0, 0, 0, 0, 0, 106, 107, 179, 180, 181, 29, 29, 147, 29, 189, 189, 91, 92, 0, 0, 0, 0, 26, 245, 167, 29, 56, 0, 0, 0, 0, 0, 0, 201, 0, 0, 0, 0, 0, 0, 0, 0, 201, 0, 0, 0, 0, 0, 26, 76, 77, 78, 167, 245, 76, 77, 78, 32, 0, 74, 100, 101, 102, 29, 29, 100, 101, 102, 80, 0, 0, 0, 224, 224, 225, 224, 224, 224, 224, 224, 224, 224, 0, 0, 0, 0, 58, 59, 303, 304, 305, 61, 183, 184, 185, 61, 63, 64, 65, 147, 183, 184, 185, 67, 68, 0, 0, 0, 0, 50, 245, 191, 29, 32, 0, 0, 0, 0, 0, 46, 46, 46, 46, 46, 46, 46, 46, 46, 46, 46, 46, 46, 147, 272, 272, 272, 272, 272, 274, 0, 0, 0, 50, 245, 191, 29, 32, 0, 0, 0, 0, 0, 0, 201, 0, 0, 0, 0, 0, 0, 0, 0, 201, 0, 0, 0, 0, 0, 50, 100, 101, 102, 191, 269, 100, 101, 102, 56, 271, 273, 272, 272, 272, 147, 272, 272, 272, 272, 272, 274, 0, 271, 272, 272, 272, 272, 272, 272, 272, 272, 272, 272, 274, 0, 0, 0, 82, 83, 327, 328, 329, 85, 207, 208, 209, 85, 87, 88, 89, 147, 207, 208, 209, 91, 92, 0, 0, 0, 0, 74, 245, 167, 29, 56, 0, 0, 0, 0, 0, 34, 35, 228, 229, 29, 37, 29, 228, 229, 37, 228, 229, 29, 147, 167, 29, 29, 43, 44, 0, 0, 0, 0, 74, 245, 167, 29, 56, 0, 0, 0, 0, 0, 0, 201, 0, 0, 0, 0, 0, 0, 0, 0, 201, 0, 0, 0, 0, 0, 46, 46, 46, 46, 46, 46, 46, 46, 46, 46, 0, 50, 28, 29, 30, 147, 245, 28, 29, 30, 56, 0, 0, 0, 26, 228, 229, 245, 149, 29, 163, 228, 229, 32, 0, 0, 0, 0, 106, 107, 351, 352, 353, 85, 231, 232, 233, 85, 111, 112, 113, 147, 231, 232, 233, 115, 116, 0, 0, 0, 0, 26, 245, 191, 29, 56, 0, 0, 0, 0, 0, 58, 59, 252, 253, 29, 61, 29, 252, 253, 61, 252, 253, 29, 147, 191, 29, 29, 67, 68, 0, 0, 0, 0, 26, 245, 191, 29, 56, 0, 0, 0, 0, 0, 0, 201, 0, 0, 0, 0, 0, 0, 0, 0, 201, 0, 0, 0, 0, 0, 26, 28, 29, 30, 245, 163, 28, 29, 30, 32, 0, 50, 52, 53, 54, 147, 245, 52, 53, 54, 56, 0, 0, 0, 50, 252, 253, 245, 173, 29, 187, 252, 253, 56, 0, 0, 0, 271, 272, 272, 272, 272, 272, 61, 46, 46, 46, 46, 46, 46, 46, 147, 272, 272, 272, 272, 272, 274, 0, 0, 0, 50, 245, 167, 29, 56, 0, 0, 0, 0, 0, 82, 83, 165, 165, 29, 109, 29, 189, 189, 61, 189, 189, 29, 147, 167, 29, 189, 91, 92, 0, 0, 0, 0, 50, 245, 167, 29, 56, 0, 0, 0, 0, 224, 224, 225, 224, 224, 0, 0, 0, 0, 224, 224, 225, 224, 224, 0, 0, 0, 50, 52, 53, 54, 269, 187, 52, 53, 54, 56, 0, 26, 76, 77, 78, 147, 245, 76, 77, 78, 32, 0, 0, 0, 74, 29, 29, 245, 173, 29, 29, 29, 167, 80, 0, 0, 0, 0, 34, 35, 39, 40, 41, 61, 228, 229, 29, 29, 29, 228, 229, 147, 39, 40, 41, 43, 44, 0, 0, 0, 0, 74, 245, 191, 29, 80, 0, 0, 0, 0, 0, 106, 107, 189, 189, 29, 61, 29, 189, 165, 61, 189, 189, 29, 147, 191, 29, 29, 115, 116, 0, 0, 0, 0, 74, 245, 191, 29, 80, 0, 0, 0, 271, 272, 272, 272, 272, 272, 274, 0, 0, 271, 272, 272, 272, 272, 272, 274, 0, 0, 74, 76, 77, 78, 245, 29, 76, 77, 78, 80, 0, 50, 100, 101, 102, 147, 269, 100, 101, 102, 56, 0, 0, 0, 26, 163, 29, 245, 173, 29, 29, 29, 191, 32, 0, 0, 0, 0, 58, 59, 63, 64, 65, 61, 252, 253, 29, 29, 29, 252, 253, 147, 63, 64, 65, 67, 68, 0, 0, 0, 0, 26, 228, 229, 29, 56, 0, 0, 0, 0, 0, 46, 46, 46, 46, 46, 46, 46, 46, 46, 46, 46, 46, 46, 147, 46, 46, 46, 46, 46, 0, 0, 0, 0, 26, 228, 229, 29, 56, 0, 0, 0, 0, 26, 245, 167, 29, 56, 0, 0, 0, 0, 26, 245, 167, 29, 56, 0, 0, 0, 26, 100, 101, 102, 269, 29, 100, 101, 102, 56, 0, 46, 46, 46, 46, 147, 46, 46, 46, 46, 46, 0, 0, 0, 50, 187, 29, 245, 173, 155, 156, 157, 29, 56, 0, 0, 0, 0, 82, 83, 87, 88, 89, 85, 165, 29, 155, 156, 157, 29, 29, 147, 87, 88, 89, 91, 92, 0, 0, 0, 0, 50, 252, 253, 29, 56, 0, 0, 0, 0, 0, 34, 35, 279, 280, 281, 37, 159, 160, 161, 37, 39, 40, 41, 147, 159, 160, 161, 43, 44, 0, 0, 0, 0, 50, 252, 253, 29, 56, 0, 0, 0, 0, 50, 245, 191, 29, 32, 0, 0, 0, 0, 50, 245, 191, 29, 32, 0, 0, 0, 272, 272, 272, 272, 272, 272, 272, 272, 272, 272, 0, 26, 28, 29, 30, 147, 29, 28, 29, 30, 32, 0, 0, 0, 74, 29, 189, 189, 173, 179, 180, 181, 29, 80, 0, 0, 0, 0, 106, 107, 111, 112, 113, 109, 189, 29, 179, 180, 181, 29, 29, 171, 111, 112, 113, 115, 116, 0, 0, 0, 0, 74, 29, 167, 29, 80, 0, 0, 0, 0, 0, 58, 59, 303, 304, 305, 61, 183, 184, 185, 61, 63, 64, 65, 147, 183, 184, 185, 67, 68, 0, 0, 0, 0, 74, 29, 167, 29, 80, 0, 0, 0, 0, 74, 245, 167, 29, 56, 0, 0, 0, 0, 74, 245, 167, 29, 56, 0, 0, 0, 74, 28, 29, 30, 228, 229, 28, 29, 30, 32, 0, 50, 52, 53, 54, 147, 29, 52, 53, 54, 56, 0, 0, 0, 26, 29, 163, 163, 173, 228, 229, 167, 29, 32, 0, 0, 0, 271, 272, 272, 272, 272, 272, 272, 272, 272, 272, 272, 272, 272, 272, 272, 272, 272, 272, 272, 272, 274, 0, 0, 0, 26, 29, 191, 29, 56, 0, 0, 0, 0, 0, 82, 83, 327, 328, 329, 85, 207, 208, 209, 85, 87, 88, 89, 147, 207, 208, 209, 91, 92, 0, 0, 0, 0, 26, 29, 191, 29, 56, 0, 0, 0, 0, 26, 245, 191, 29, 56, 0, 0, 0, 0, 26, 245, 191, 29, 56, 0, 0, 0, 26, 52, 53, 54, 252, 253, 52, 53, 54, 32, 0, 74, 76, 77, 78, 147, 163, 76, 77, 78, 80, 0, 0, 0, 50, 29, 187, 187, 197, 252, 253, 191, 29, 56, 0, 0, 0, 0, 34, 35, 159, 160, 161, 37, 159, 160, 161, 37, 279, 280, 281, 37, 39, 40, 41, 43, 44, 0, 0, 0, 0, 50, 29, 167, 29, 56, 0, 0, 0, 0, 0, 106, 107, 351, 352, 353, 85, 231, 232, 233, 85, 111, 112, 113, 171, 231, 232, 233, 115, 116, 0, 0, 0, 0, 50, 29, 167, 29, 56, 0, 0, 0, 0, 50, 245, 167, 29, 56, 0, 0, 0, 0, 50, 245, 167, 29, 56, 0, 0, 0, 50, 76, 77, 78, 29, 167, 76, 77, 78, 56, 0, 26, 100, 101, 102, 171, 187, 100, 101, 102, 56, 0, 0, 0, 74, 29, 245, 245, 29, 173, 29, 167, 29, 80, 0, 0, 0, 0, 58, 59, 183, 184, 185, 61, 183, 184, 185, 61, 303, 304, 305, 109, 63, 64, 65, 67, 68, 0, 0, 0, 0, 74, 29, 191, 29, 56, 0, 0, 0, 0, 271, 272, 272, 272, 272, 272, 272, 272, 272, 272, 272, 272, 272, 272, 272, 272, 272, 272, 272, 272, 274, 0, 0, 0, 74, 29, 191, 29, 56, 0, 0, 0, 0, 74, 245, 191, 29, 80, 0, 0, 0, 0, 74, 245, 191, 29, 80, 0, 0, 0, 74, 100, 101, 102, 29, 191, 100, 101, 102, 80, 0, 50, 272, 272, 272, 272, 272, 272, 272, 147, 272, 274, 0, 0, 26, 29, 245, 245, 29, 173, 29, 191, 29, 32, 0, 0, 0, 0, 82, 83, 207, 208, 209, 85, 207, 208, 209, 85, 327, 328, 329, 61, 87, 88, 89, 91, 92, 0, 0, 0, 0, 26, 29, 167, 29, 56, 0, 0, 0, 0, 0, 34, 35, 39, 40, 41, 61, 159, 160, 161, 61, 159, 160, 161, 37, 39, 40, 41, 43, 44, 0, 0, 0, 0, 26, 29, 167, 29, 56, 0, 0, 0, 0, 26, 228, 229, 29, 56, 0, 0, 0, 0, 26, 228, 229, 29, 56, 0, 0, 0, 273, 272, 272, 272, 272, 272, 272, 272, 272, 272, 0, 74, 28, 29, 30, 228, 229, 28, 29, 147, 32, 0, 0, 0, 50, 29, 245, 245, 29, 173, 189, 189, 189, 56, 0, 0, 0, 0, 106, 107, 231, 232, 233, 85, 231, 232, 233, 85, 351, 352, 353, 61, 111, 112, 113, 115, 116, 0, 0, 0, 0, 50, 29, 191, 29, 56, 0, 0, 0, 0, 0, 58, 59, 63, 64, 65, 61, 183, 184, 185, 61, 183, 184, 185, 61, 63, 64, 65, 67, 68, 0, 0, 0, 0, 50, 29, 191, 29, 56, 0, 0, 0, 0, 50, 252, 253, 29, 56, 0, 0, 0, 0, 50, 252, 253, 29, 56, 0, 0, 0, 50, 28, 29, 30, 29, 245, 28, 29, 30, 56, 0, 26, 52, 53, 54, 252, 253, 52, 53, 147, 32, 0, 0, 0, 74, 29, 245, 245, 29, 173, 189, 189, 189, 80, 0, 0, 0, 271, 272, 272, 272, 272, 272, 272, 272, 272, 272, 272, 272, 272, 272, 272, 272, 272, 272, 272, 272, 274, 0, 0, 0, 74, 29, 167, 29, 56, 0, 0, 0, 0, 0, 82, 83, 87, 88, 89, 85, 207, 208, 209, 61, 207, 208, 209, 109, 87, 88, 89, 91, 92, 0, 0, 0, 0, 74, 29, 167, 29, 56, 0, 0, 0, 0, 74, 29, 167, 29, 80, 0, 0, 0, 0, 74, 29, 167, 29, 80, 0, 0, 0, 50, 52, 53, 54, 29, 245, 52, 53, 54, 56, 0, 50, 76, 77, 78, 29, 29, 76, 77, 147, 56, 0, 0, 0, 26, 29, 197, 245, 29, 173, 29, 29, 29, 32, 0, 0, 0, 0, 34, 35, 39, 40, 41, 37, 159, 160, 161, 37, 39, 40, 41, 37, 39, 40, 41, 43, 44, 0, 0, 0, 0, 50, 29, 191, 29, 56, 0, 0, 0, 0, 0, 106, 107, 111, 112, 113, 109, 231, 232, 233, 61, 231, 232, 233, 61, 111, 112, 113, 115, 116, 0, 0, 0, 0, 50, 29, 191, 29, 56, 0, 0, 0, 0, 26, 29, 191, 29, 56, 0, 0, 0, 0, 26, 29, 191, 29, 56, 0, 0, 0, 26, 76, 77, 78, 29, 245, 76, 77, 78, 32, 0, 74, 100, 101, 102, 29, 29, 100, 101, 171, 80, 0, 0, 0, 50, 155, 156, 157, 29, 173, 29, 228, 229, 56, 0, 0, 0, 0, 58, 59, 63, 64, 65, 61, 183, 184, 185, 61, 63, 64, 65, 61, 63, 64, 65, 67, 68, 0, 0, 0, 0, 50, 155, 156, 157, 80, 0, 0, 0, 0, 271, 272, 272, 272, 272, 272, 272, 272, 272, 272, 272, 272, 272, 272, 272, 272, 272, 272, 272, 272, 274, 0, 0, 0, 50, 155, 156, 157, 80, 0, 0, 0, 0, 50, 29, 167, 29, 56, 0, 0, 0, 0, 50, 29, 167, 29, 56, 0, 0, 0, 50, 100, 101, 102, 29, 269, 100, 101, 102, 56, 271, 273, 273, 273, 273, 273, 272, 272, 272, 272, 272, 274, 0, 0, 74, 179, 180, 181, 29, 173, 29, 252, 253, 80, 0, 0, 0, 0, 82, 83, 87, 88, 89, 85, 207, 208, 209, 85, 87, 88, 89, 61, 87, 88, 89, 91, 92, 0, 0, 0, 0, 50, 179, 180, 181, 56, 0, 0, 0, 0, 0, 34, 35, 159, 160, 161, 37, 159, 160, 161, 37, 279, 280, 281, 37, 39, 40, 41, 43, 44, 0, 0, 0, 0, 50, 179, 180, 181, 56, 0, 0, 0, 0, 74, 29, 191, 29, 56, 0, 0, 0, 0, 74, 29, 191, 29, 56, 0, 0, 0, 272, 272, 272, 272, 272, 272, 272, 272, 272, 272],
         "height":28,
         "name":"Main Layer",
         "opacity":1,
         "type":"tilelayer",
         "visible":true,
         "width":120,
         "x":0,
         "y":0
        }, 
        {
         "draworder":"topdown",
         "name":"Object Layer",
         "objects":[
                {
                 "gid":5,
                 "height":16,
                 "id":12,
                 "name":"",
                 "rotation":0,
                 "type":"",
                 "visible":true,
                 "width":16,
                 "x":294.666666666667,
                 "y":382.333333333333
                }, 
                {
                 "gid":6,
                 "height":16,
                 "id":13,
                 "name":"",
                 "rotation":0,
                 "type":"",
                 "visible":true,
                 "width":16,
                 "x":240.333333333333,
                 "y":300
                }, 
                {
                 "gid":7,
                 "height":16,
                 "id":14,
                 "name":"",
                 "rotation":0,
                 "type":"",
                 "visible":true,
                 "width":16,
                 "x":19.6666666666666,
                 "y":142.666666666667
                }, 
                {
                 "gid":8,
                 "height":16,
                 "id":17,
                 "name":"",
                 "rotation":0,
                 "type":"",
                 "visible":true,
                 "width":16,
                 "x":166,
                 "y":415.666666666667
                }, 
                {
                 "gid":9,
                 "height":16,
                 "id":19,
                 "name":"",
                 "rotation":0,
                 "type":"",
                 "visible":true,
                 "width":16,
                 "x":161,
                 "y":247.333333333333
                }, 
                {
                 "gid":11,
                 "height":16,
                 "id":21,
                 "name":"",
                 "rotation":0,
                 "type":"",
                 "visible":true,
                 "width":16,
                 "x":32.6666666666667,
                 "y":417.666666666667
                }, 
                {
                 "gid":11,
                 "height":16,
                 "id":22,
                 "name":"",
                 "rotation":0,
                 "type":"",
                 "visible":true,
                 "width":16,
                 "x":30.3333333333333,
                 "y":285
                }, 
                {
                 "gid":10,
                 "height":16,
                 "id":23,
                 "name":"",
                 "rotation":0,
                 "type":"",
                 "visible":true,
                 "width":16,
                 "x":248.333333333333,
                 "y":425
                }, 
                {
                 "gid":6,
                 "height":16,
                 "id":29,
                 "name":"",
                 "rotation":0,
                 "type":"",
                 "visible":true,
                 "width":16,
                 "x":737.333333333333,
                 "y":299.333333333333
                }, 
                {
                 "gid":5,
                 "height":16,
                 "id":30,
                 "name":"",
                 "rotation":0,
                 "type":"",
                 "visible":true,
                 "width":16,
                 "x":442,
                 "y":44.6666666666667
                }, 
                {
                 "gid":9,
                 "height":16,
                 "id":31,
                 "name":"",
                 "rotation":0,
                 "type":"",
                 "visible":true,
                 "width":16,
                 "x":811.333333333333,
                 "y":203.333333333333
                }, 
                {
                 "gid":10,
                 "height":16,
                 "id":32,
                 "name":"",
                 "rotation":0,
                 "type":"",
                 "visible":true,
                 "width":16,
                 "x":730,
                 "y":174
                }, 
                {
                 "gid":5,
                 "height":16,
                 "id":33,
                 "name":"",
                 "rotation":0,
                 "type":"",
                 "visible":true,
                 "width":16,
                 "x":1264,
                 "y":313.333333333333
                }, 
                {
                 "gid":5,
                 "height":16,
                 "id":34,
                 "name":"",
                 "rotation":0,
                 "type":"",
                 "visible":true,
                 "width":16,
                 "x":1480.66666666667,
                 "y":291.333333333333
                }, 
                {
                 "gid":6,
                 "height":16,
                 "id":35,
                 "name":"",
                 "rotation":0,
                 "type":"",
                 "visible":true,
                 "width":16,
                 "x":1062.66666666667,
                 "y":90.6666666666667
                }, 
                {
                 "gid":10,
                 "height":16,
                 "id":36,
                 "name":"",
                 "rotation":0,
                 "type":"",
                 "visible":true,
                 "width":16,
                 "x":1646,
                 "y":268
                }, 
                {
                 "gid":11,
                 "height":16,
                 "id":37,
                 "name":"",
                 "rotation":0,
                 "type":"",
                 "visible":true,
                 "width":16,
                 "x":1039.33333333333,
                 "y":264
                }, 
                {
                 "gid":11,
                 "height":16,
                 "id":38,
                 "name":"",
                 "rotation":0,
                 "type":"",
                 "visible":true,
                 "width":16,
                 "x":1370,
                 "y":222.666666666667
                }, 
                {
                 "gid":11,
                 "height":16,
                 "id":39,
                 "name":"",
                 "rotation":0,
                 "type":"",
                 "visible":true,
                 "width":16,
                 "x":1129.33333333333,
                 "y":264
                }, 
                {
                 "gid":9,
                 "height":16,
                 "id":40,
                 "name":"",
                 "rotation":0,
                 "type":"",
                 "visible":true,
                 "width":16,
                 "x":741.333333333333,
                 "y":390.666666666667
                }, 
                {
                 "gid":9,
                 "height":16,
                 "id":41,
                 "name":"",
                 "rotation":0,
                 "type":"",
                 "visible":true,
                 "width":16,
                 "x":323.333333333333,
                 "y":298.666666666667
                }, 
                {
                 "gid":11,
                 "height":16,
                 "id":42,
                 "name":"",
                 "rotation":0,
                 "type":"",
                 "visible":true,
                 "width":16,
                 "x":1798.66666666667,
                 "y":318
                }, 
                {
                 "gid":11,
                 "height":16,
                 "id":43,
                 "name":"",
                 "rotation":0,
                 "type":"",
                 "visible":true,
                 "width":16,
                 "x":1869.33333333333,
                 "y":104.666666666667
                }, 
                {
                 "gid":9,
                 "height":16,
                 "id":44,
                 "name":"",
                 "rotation":0,
                 "type":"",
                 "visible":true,
                 "width":16,
                 "x":1908,
                 "y":186.666666666667
                }],
         "opacity":1,
         "type":"objectgroup",
         "visible":true,
         "x":0,
         "y":0
        }],
 "nextobjectid":45,
 "orientation":"orthogonal",
 "renderorder":"right-down",
 "tiledversion":"1.1.4",
 "tileheight":16,
 "tilesets":[
        {
         "columns":24,
         "firstgid":1,
         "image":"..\/environment\/tileset.png",
         "imageheight":256,
         "imagewidth":384,
         "margin":0,
         "name":"tileset",
         "spacing":0,
         "tilecount":384,
         "tileheight":16,
         "tilewidth":16
        }],
 "tilewidth":16,
 "type":"map",
 "version":1,
 "width":120
}